customer_id,customer_name,segment
cg-12520,claire_gute,consumer
dv-13045,darrin_van_huff,corporate
so-20335,sean_o'donnell,consumer
bh-11710,brosina_hoffman,consumer
aa-10480,andrew_allen,consumer
im-15070,irene_maddox,consumer
hp-14815,harold_pawlan,home_office
pk-19075,pete_kriz,consumer
ag-10270,alejandro_grove,consumer
zd-21925,zuschuss_donatelli,consumer
kb-16585,ken_black,corporate
sf-20065,sandra_flanagan,consumer
eb-13870,emily_burns,consumer
eh-13945,eric_hoffmann,consumer
tb-21520,tracy_blumstein,consumer
ma-17560,matt_abelman,home_office
gh-14485,gene_hale,corporate
sn-20710,steve_nguyen,home_office
lc-16930,linda_cazamias,corporate
ra-19885,ruben_ausman,corporate
es-14080,erin_smith,corporate
on-18715,odella_nelson,corporate
po-18865,patrick_o'donnell,consumer
lh-16900,lena_hernandez,consumer
dp-13000,darren_powers,consumer
jm-15265,janet_molinari,corporate
tb-21055,ted_butterfield,consumer
km-16720,kunst_miller,consumer
ps-18970,paul_stevenson,home_office
bs-11590,brendan_sweed,corporate
kd-16270,karen_daniels,consumer
hm-14980,henry_macallister,consumer
je-15745,joel_eaton,consumer
kb-16600,ken_brennan,corporate
sc-20770,stewart_carmichael,corporate
dn-13690,duane_noonan,consumer
jc-16105,julie_creighton,corporate
cs-12400,christopher_schild,home_office
pg-18895,paul_gonzalez,consumer
gm-14455,gary_mitchum,home_office
js-15685,jim_sink,corporate
kb-16315,karl_braun,consumer
rb-19705,roger_barcio,home_office
pn-18775,parhena_norris,home_office
kd-16345,katherine_ducich,consumer
er-13855,elpida_rittenbach,corporate
rb-19465,rick_bensley,home_office
gz-14470,gary_zandusky,consumer
lc-16870,lena_cacioppo,consumer
jm-15250,janet_martin,consumer
pa-19060,pete_armstrong,home_office
cv-12805,cynthia_voltz,corporate
cl-12565,clay_ludtke,consumer
rc-19960,ryan_crowe,consumer
dk-13090,dave_kipp,consumer
gg-14650,greg_guthrie,corporate
sc-20725,steven_cartwright,consumer
ad-10180,alan_dominguez,home_office
pf-19165,philip_fox,consumer
ts-21610,troy_staebel,consumer
ls-16975,lindsay_shagiari,home_office
dw-13585,dorothy_wardle,corporate
lc-16885,lena_creighton,consumer
jd-15895,jonathan_doherty,corporate
sh-19975,sally_hughsby,corporate
sg-20080,sandra_glassco,consumer
ha-14920,helen_andreada,consumer
mg-17680,maureen_gastineau,home_office
je-16165,justin_ellison,corporate
tw-21025,tamara_willingham,home_office
sp-20650,stephanie_phelps,corporate
nk-18490,neil_knudson,home_office
db-13060,dave_brooks,consumer
np-18670,nora_paige,consumer
tt-21070,ted_trevino,consumer
em-13960,eric_murdock,consumer
rd-19900,ruben_dartt,consumer
mj-17740,max_jones,consumer
bm-11140,becky_martin,consumer
cs-12130,chad_sievert,consumer
jb-15400,jennifer_braxton,corporate
sj-20500,shirley_jackson,consumer
jk-15640,jim_kriz,home_office
dk-13150,david_kendrick,corporate
rm-19675,robert_marley,home_office
sk-19990,sally_knutson,consumer
fm-14290,frank_merwin,home_office
am-10360,alice_mccarthy,corporate
mp-17470,mark_packer,home_office
mz-17515,mary_zewe,corporate
cb-12025,cassandra_brandow,consumer
vm-21685,valerie_mitchum,home_office
fh-14365,fred_hopkins,corporate
mb-17305,maria_bertelson,consumer
bs-11755,bruce_stewart,consumer
lc-17140,logan_currie,consumer
hk-14890,heather_kirkland,corporate
le-16810,laurel_elliston,consumer
jh-15985,joseph_holt,consumer
ms-17980,michael_stewart,corporate
vw-21775,victoria_wilson,corporate
jh-15910,jonathan_howell,consumer
jb-15925,joni_blumstein,consumer
ds-13180,david_smith,corporate
vd-21670,valerie_dominguez,consumer
ea-14035,erin_ashbrook,corporate
db-13120,david_bremer,corporate
kl-16645,ken_lonsdale,consumer
dw-13480,dianna_wilson,home_office
lh-17155,logan_haushalter,consumer
kc-16540,kelly_collister,consumer
dl-13315,delfina_latchford,consumer
dr-12880,dan_reichenbach,corporate
cc-12670,craig_carreira,consumer
dl-13600,dorris_liebe,corporate
sb-20290,sean_braxton,corporate
rc-19825,roy_collins,consumer
ah-10210,alan_hwang,consumer
cb-12535,claudia_bergmann,corporate
ca-12310,christine_abelman,corporate
kh-16690,kristen_hastings,corporate
bb-10990,barry_blumstein,corporate
ag-10495,andrew_gjertsen,corporate
jo-15280,jas_o'carroll,consumer
ah-10195,alan_haines,corporate
nz-18565,nick_zandusky,home_office
kl-16555,kelly_lampkin,corporate
as-10225,alan_schoenberger,corporate
cr-12625,corey_roper,home_office
sh-20395,shahid_hopkins,consumer
bp-11185,ben_peterman,corporate
ts-21205,thomas_seio,corporate
ag-10525,andy_gerbode,corporate
sp-20860,sung_pak,corporate
nm-18445,nathan_mautz,home_office
fa-14230,frank_atkinson,corporate
gk-14620,grace_kelly,corporate
dj-13510,don_jones,corporate
po-18850,patrick_o'brill,consumer
jl-15850,john_lucas,consumer
db-13615,doug_bickford,consumer
ac-10420,alyssa_crouse,corporate
cc-12550,clay_cheatham,consumer
td-20995,tamara_dahlen,consumer
ab-10060,adam_bellavance,home_office
jl-15505,jeremy_lonsdale,consumer
vb-21745,victoria_brennan,corporate
kw-16435,katrina_willman,consumer
jd-16060,julia_dunbar,consumer
mk-17905,michael_kennedy,corporate
gt-14755,guy_thornton,consumer
ag-10900,arthur_gainer,consumer
mm-18280,muhammed_macintyre,corporate
ar-10405,allen_rosenblatt,corporate
ra-19915,russell_applegate,consumer
as-10285,alejandro_savely,corporate
la-16780,laura_armstrong,corporate
do-13435,denny_ordway,consumer
dk-13225,dean_katz,corporate
ng-18430,nathan_gelder,consumer
mv-18190,mike_vittorini,consumer
jg-15115,jack_garza,consumer
bp-11095,bart_pistole,corporate
vp-21730,victor_preis,home_office
ss-20140,saphhira_shifley,corporate
ag-10675,anna_gayman,consumer
lf-17185,luke_foster,consumer
rf-19840,roy_französisch,consumer
kh-16510,keith_herrera,consumer
kc-16675,kimberly_carter,corporate
cj-12010,caroline_jumper,consumer
pb-19150,philip_brown,consumer
mp-17965,michael_paige,corporate
nf-18385,natalie_fritzler,consumer
sd-20485,shirley_daniels,home_office
kh-16630,ken_heidel,corporate
rb-19795,ross_baird,home_office
mk-18160,mike_kennedy,consumer
po-19180,philisse_overcash,home_office
bb-11545,brenda_bowman,corporate
tb-21595,troy_blackwell,consumer
rb-19360,raymond_buch,consumer
eb-13705,ed_braxton,corporate
sc-20095,sanjit_chand,consumer
tn-21040,tanja_norvell,home_office
js-15940,joni_sundaresam,home_office
mh-17785,maya_herman,corporate
jp-15520,jeremy_pistek,consumer
je-15475,jeremy_ellison,consumer
jg-15805,john_grady,corporate
xp-21865,xylona_preis,consumer
em-14065,erin_mull,consumer
mt-18070,michelle_tran,home_office
sa-20830,sue_ann_reed,consumer
cw-11905,carl_weiss,home_office
aj-10960,astrea_jones,consumer
ss-20590,sonia_sunley,consumer
ro-19780,rose_o'brian,consumer
md-17350,maribeth_dona,consumer
my-17380,maribeth_yedwab,corporate
cm-12385,christopher_martinez,consumer
ls-17245,lynn_smith,consumer
bn-11515,bradley_nguyen,consumer
db-13210,dean_braden,consumer
mc-17605,matt_connell,corporate
bd-11605,brian_dahlen,consumer
ph-18790,patricia_hirasaki,home_office
mg-18145,mike_gockenbach,consumer
kb-16240,karen_bern,corporate
jc-15340,jasper_cacioppo,consumer
rl-19615,rob_lucas,consumer
aa-10375,allen_armold,consumer
ep-13915,emily_phan,consumer
dk-12985,darren_koutras,consumer
bd-11500,bradley_drucker,consumer
lm-17065,liz_mackendrick,consumer
as-10135,adrian_shami,home_office
bd-11320,bill_donatelli,consumer
gt-14710,greg_tran,consumer
aj-10945,ashley_jarboe,consumer
ot-18730,olvera_toch,consumer
lp-17080,liz_pelletier,consumer
ca-12775,cynthia_arntzen,consumer
jf-15490,jeremy_farry,consumer
fp-14320,frank_preis,consumer
eb-13840,ellis_ballard,corporate
jf-15415,jennifer_ferguson,consumer
sf-20200,sarah_foster,consumer
tg-21640,trudy_glocke,consumer
cs-11950,carlos_soltero,consumer
cc-12145,charles_crestani,consumer
dv-13465,dianna_vittorini,consumer
bd-11725,bruce_degenhardt,consumer
zc-21910,zuschuss_carroll,consumer
ms-17830,melanie_seite,consumer
lr-16915,lena_radford,consumer
tp-21130,theone_pippenger,consumer
ck-12205,chloris_kastensmidt,consumer
as-10240,alan_shonely,consumer
ar-10510,andrew_roberts,consumer
nb-18655,nona_balk,corporate
gd-14590,giulietta_dortch,corporate
ck-12595,clytie_kelty,consumer
ng-18355,nat_gilpin,corporate
ca-12265,christina_anderson,consumer
sf-20965,sylvia_foulston,corporate
mo-17800,meg_o'connel,home_office
at-10735,annie_thurman,consumer
fm-14380,fred_mcmath,consumer
dj-13420,denny_joy,corporate
me-17725,max_engle,consumer
jd-16150,justin_deggeller,corporate
jl-15835,john_lee,consumer
sc-20305,sean_christensen,consumer
cc-12430,chuck_clark,home_office
ar-10825,anthony_rawles,corporate
sr-20740,steven_roelle,home_office
cr-12730,craig_reiter,consumer
eh-14125,eugene_hildebrand,home_office
sp-20545,sibella_parks,corporate
th-21235,tiffany_house,corporate
rp-19390,resi_pölking,consumer
rb-19570,rob_beeghly,consumer
cd-11980,carol_darley,consumer
dj-13630,doug_jacobs,consumer
gt-14635,grant_thornton,corporate
mc-17845,michael_chen,consumer
ra-19285,ralph_arnett,consumer
np-18325,naresj_patel,consumer
ab-10165,alan_barnes,consumer
jo-15550,jesus_ocampo,home_office
jk-15370,jay_kimmel,consumer
bn-11470,brad_norvell,corporate
dp-13165,david_philippe,consumer
th-21550,tracy_hopkins,home_office
ap-10915,arthur_prichep,consumer
rs-19765,roland_schwarz,corporate
sv-20365,seth_vernon,consumer
ck-12325,christine_kargatis,home_office
rd-19810,ross_devincentis,home_office
mr-17545,mathew_reese,home_office
sc-20695,steve_chapman,corporate
jf-15355,jay_fein,consumer
eg-13900,emily_grady,consumer
ds-13030,darrin_sayre,home_office
po-19195,phillina_ober,home_office
ss-20875,sung_shariari,consumer
pb-19105,peter_bühler,consumer
rf-19735,roland_fjeld,consumer
yc-21895,yoseph_carroll,corporate
dc-13285,debra_catini,consumer
cp-12340,christine_phan,corporate
bf-11020,barry_französisch,corporate
lh-17020,lisa_hazard,consumer
cs-12250,chris_selesnick,corporate
aj-10795,anthony_johnson,corporate
bv-11245,benjamin_venier,corporate
dl-12865,dan_lawera,consumer
bm-11785,bryan_mills,consumer
lt-17110,liz_thompson,consumer
jk-15730,joe_kamberova,consumer
es-14020,erica_smith,consumer
rh-19495,rick_hansen,consumer
cd-11920,carlos_daly,consumer
hw-14935,helen_wasserman,corporate
mc-18130,mike_caudle,corporate
gm-14440,gary_mcgarr,consumer
pj-19015,pauline_johnson,consumer
bw-11110,bart_watters,corporate
tr-21325,toby_ritter,consumer
pg-18820,patrick_gardner,consumer
jl-15175,james_lanier,home_office
bm-11650,brian_moss,corporate
em-14095,eudokia_martin,corporate
af-10885,art_foster,consumer
ga-14725,guy_armstrong,consumer
ck-12760,cyma_kinney,corporate
dp-13105,dave_poirier,corporate
bk-11260,berenike_kampe,consumer
sj-20125,sanjit_jacobs,home_office
cm-12445,chuck_magee,consumer
aj-10780,anthony_jacobs,corporate
ls-16945,linda_southworth,corporate
gp-14740,guy_phonely,corporate
pk-18910,paul_knutson,home_office
sm-20005,sally_matthias,consumer
ag-10765,anthony_garverick,home_office
pm-19135,peter_mcvee,home_office
ll-16840,lauren_leatherbury,consumer
js-15595,jill_stevenson,corporate
el-13735,ed_ludwig,home_office
pc-18745,pamela_coakley,corporate
hl-15040,hunter_lopez,consumer
ms-17365,maribeth_schnelling,consumer
gb-14530,george_bell,corporate
jr-16210,justin_ritter,corporate
be-11335,bill_eplett,home_office
sc-20050,sample_company_a,home_office
rw-19630,rob_williams,corporate
se-20110,sanjit_engle,consumer
ah-10075,adam_hart,corporate
jm-15535,jessica_myrick,consumer
jj-15760,joel_jenkins,home_office
rk-19300,ralph_kennedy,consumer
cg-12040,catherine_glotzbach,home_office
rp-19270,rachel_payne,corporate
kc-16255,karen_carlisle,corporate
kh-16360,katherine_hughes,consumer
gh-14665,greg_hansen,consumer
sw-20275,scott_williamson,consumer
ja-15970,joseph_airdo,consumer
dl-12925,daniel_lacy,consumer
lw-16990,lindsay_williams,corporate
tb-21190,thomas_brumley,home_office
bs-11800,bryan_spruell,home_office
rw-19690,robert_waldorf,consumer
tz-21580,tracy_zic,consumer
as-10630,ann_steele,home_office
ts-21340,toby_swindell,consumer
sl-20155,sara_luxemburg,home_office
mw-18235,mitch_willingham,corporate
rd-19585,rob_dowd,consumer
ra-19945,ryan_akin,consumer
mt-17815,meg_tillman,consumer
vg-21790,vivek_gonzalez,consumer
js-15880,john_stevenson,consumer
km-16225,kalyca_meade,corporate
hr-14770,hallie_redmond,home_office
de-13255,deanra_eno,home_office
ag-10390,allen_goldenen,consumer
jj-15445,jennifer_jackson,consumer
jh-15430,jennifer_halladay,consumer
rd-19660,robert_dilbeck,home_office
mo-17500,mary_o'rourke,consumer
ns-18640,noel_staavos,corporate
dg-13300,deirdre_greer,corporate
nf-18595,nicole_fjeld,home_office
mg-17650,matthew_grinstein,home_office
ts-21160,theresa_swint,corporate
bd-11620,brian_decherney,consumer
cm-12160,charles_mccrossin,consumer
sn-20560,skye_norling,home_office
eh-14005,erica_hernandez,home_office
fo-14305,frank_olsen,consumer
ms-17710,maurice_satty,consumer
cc-12100,chad_cunningham,home_office
dw-13540,don_weiss,consumer
bt-11395,bill_tyler,corporate
cy-12745,craig_yedwab,corporate
bt-11485,brad_thomas,home_office
ps-19045,penelope_sewall,home_office
pv-18985,paul_van_hugh,home_office
nm-18520,neoma_murray,consumer
dl-13495,dionis_lloyd,corporate
cs-12355,christine_sundaresam,consumer
fh-14275,frank_hawley,corporate
nc-18340,nat_carroll,consumer
aa-10315,alex_avila,consumer
lt-16765,larry_tron,consumer
ap-10720,anne_pryor,home_office
pm-18940,paul_macintyre,consumer
at-10435,alyssa_tate,home_office
ca-12055,cathy_armstrong,home_office
hr-14830,harold_ryan,corporate
bt-11530,bradley_talbott,home_office
lh-16750,larry_hughes,consumer
sw-20755,steven_ward,corporate
sp-20620,stefania_perrino,corporate
bf-11170,ben_ferrer,home_office
kt-16480,kean_thornton,consumer
bg-11695,brooke_gillingham,corporate
gm-14680,greg_matthias,consumer
ej-14155,eva_jacobs,consumer
np-18700,nora_preis,consumer
mh-18115,mick_hernandez,home_office
jr-15700,jocasta_rupert,consumer
sm-20950,suzanne_mcnair,corporate
cc-12220,chris_cortes,consumer
pf-19225,phillip_flathmann,consumer
dc-12850,dan_campbell,consumer
bd-11770,bryan_davis,consumer
gm-14500,gene_mcclure,consumer
tb-21355,todd_boyes,corporate
jh-16180,justin_hirsh,consumer
eb-13975,erica_bern,corporate
qj-19255,quincy_jones,corporate
tc-21535,tracy_collins,home_office
cs-12460,chuck_sachs,consumer
hg-14965,henry_goldwyn,corporate
lw-16825,laurel_workman,corporate
mc-17575,matt_collins,consumer
lp-17095,liz_preis,consumer
eb-14170,evan_bailliet,consumer
gz-14545,george_zrebassa,corporate
cp-12085,cathy_prescott,corporate
fg-14260,frank_gastineau,home_office
ld-17005,lisa_decherney,consumer
ab-10255,alejandro_ballentine,home_office
mn-17935,michael_nguyen,consumer
jr-15670,jim_radford,consumer
jf-15190,jamie_frazer,consumer
cm-12115,chad_mcguire,consumer
as-10045,aaron_smayling,corporate
bp-11290,beth_paige,consumer
nd-18370,natalie_decherney,consumer
lb-16735,larry_blacks,consumer
kt-16465,kean_takahito,consumer
hm-14860,harry_marie,corporate
ab-10600,ann_blume,corporate
sz-20035,sam_zeldin,home_office
mg-17890,michael_granlund,home_office
jk-16120,julie_kriz,home_office
pp-18955,paul_prost,home_office
ys-21880,yana_sorensen,corporate
km-16375,katherine_murray,home_office
ab-10105,adrian_barton,consumer
ha-14905,helen_abelman,consumer
bt-11305,beth_thompson,home_office
sv-20815,stuart_van,corporate
rw-19540,rick_wilson,corporate
dk-12835,damala_kotsonis,corporate
st-20530,shui_tom,consumer
mm-17920,michael_moore,consumer
pw-19030,pauline_webber,corporate
sc-20440,shaun_chance,corporate
ts-21085,thais_sissman,consumer
mc-17425,mark_cousins,corporate
me-17320,maria_etezadi,home_office
nh-18610,nicole_hansen,corporate
mb-18085,mick_brown,consumer
kd-16495,keith_dawkins,corporate
kn-16390,katherine_nockton,corporate
np-18685,nora_pelletier,home_office
cs-12505,cindy_stewart,consumer
ms-17770,maxwell_schwartz,consumer
cm-12655,corinna_mitchell,home_office
co-12640,corey-lock,consumer
ts-21370,todd_sumrall,corporate
jw-15220,jane_waco,corporate
jd-15790,john_dryer,consumer
pc-19000,pauline_chand,home_office
ar-10540,andy_reiter,consumer
ai-10855,arianne_irving,consumer
tb-21400,tom_boeckenhauer,consumer
pl-18925,paul_lucas,home_office
gh-14425,gary_hwang,consumer
mp-18175,mike_pelletier,home_office
jm-15655,jim_mitchum,corporate
cl-11890,carl_ludwig,consumer
db-13270,deborah_brumfield,home_office
ig-15085,ivan_gibson,consumer
bo-11425,bobby_odegard,consumer
ab-10150,aimee_bixby,consumer
jw-16075,julia_west,consumer
eb-13750,edward_becker,corporate
sg-20470,sheri_gordon,consumer
cm-12190,charlotte_melton,consumer
aw-10840,anthony_witt,consumer
mc-18100,mick_crebagga,consumer
tt-21460,tonja_turnell,home_office
vg-21805,vivek_grady,corporate
my-18295,muhammed_yedwab,corporate
rd-19480,rick_duston,consumer
dp-13390,dennis_pardue,home_office
ml-17395,marina_lichtenstein,corporate
jc-15385,jenna_caffey,consumer
jg-15160,james_galang,consumer
mc-17275,marc_crier,consumer
nw-18400,natalie_webber,consumer
tb-21280,toby_braunhardt,consumer
bs-11380,bill_stewart,corporate
hh-15010,hilary_holden,corporate
cd-12280,christina_demoss,consumer
th-21100,thea_hendricks,consumer
mm-18055,michelle_moray,consumer
ns-18505,neola_schneider,consumer
rb-19645,robert_barroso,corporate
sw-20455,shaun_weien,consumer
eb-13930,eric_barreto,consumer
ps-18760,pamela_stobb,consumer
hf-14995,herbert_flentye,consumer
hz-14950,henia_zydlo,consumer
cd-12790,cynthia_delaney,home_office
jk-15205,jamie_kunitz,consumer
fm-14215,filia_mcadams,corporate
ed-13885,emily_ducich,home_office
da-13450,dianna_arnett,home_office
jw-15955,joni_wasserman,consumer
rm-19375,raymond_messe,consumer
ml-17755,max_ludwig,home_office
cc-12685,craig_carroll,consumer
je-15610,jim_epp,corporate
rp-19855,roy_phan,corporate
tb-21175,thomas_boland,corporate
be-11455,brad_eason,home_office
jf-15565,jill_fjeld,consumer
pb-19210,phillip_breyer,corporate
bt-11680,brian_thompson,consumer
jl-15235,janet_lee,consumer
ch-12070,cathy_hwang,home_office
nd-18460,neil_ducich,corporate
bf-10975,barbara_fisher,corporate
kh-16330,katharine_harms,corporate
gw-14605,giulietta_weimer,consumer
nc-18625,noah_childs,corporate
me-18010,michelle_ellison,corporate
bp-11230,benjamin_patterson,consumer
jc-15775,john_castell,consumer
as-10090,adam_shillingsburg,consumer
ac-10450,amy_cox,consumer
md-17860,michael_dominguez,corporate
db-13660,duane_benoit,consumer
eh-13990,erica_hackney,consumer
eh-13765,edward_hooks,corporate
sc-20230,scot_coram,corporate
je-15715,joe_elijah,consumer
ac-10615,ann_chong,corporate
jd-16015,joy_daniels,consumer
cb-12415,christy_brittain,consumer
js-16030,joy_smith,consumer
lw-17215,luke_weiss,consumer
sc-20800,stuart_calhoun,consumer
am-10705,anne_mcfarland,consumer
rh-19510,rick_huthwaite,home_office
ct-11995,carol_triggs,consumer
mc-17590,matt_collister,corporate
cc-12610,corey_catlett,corporate
ka-16525,kelly_andreada,consumer
tc-20980,tamara_chand,corporate
bf-11080,bart_folk,consumer
mm-17260,magdelene_morse,consumer
ah-10120,adrian_hane,home_office
bw-11200,ben_wallace,consumer
sw-20245,scot_wooten,consumer
bs-11665,brian_stugart,consumer
rf-19345,randy_ferguson,corporate
wb-21850,william_brown,consumer
tb-21625,trudy_brown,consumer
af-10870,art_ferguson,consumer
rb-19435,richard_bierner,consumer
kf-16285,karen_ferguson,home_office
jh-15820,john_huston,consumer
il-15100,ivan_liston,consumer
pb-18805,patrick_bzostek,home_office
rh-19600,rob_haberlin,consumer
aw-10930,arthur_wiediger,home_office
ml-17410,maris_laware,consumer
db-13555,dorothy_badders,corporate
mh-17620,matt_hagelstein,corporate
dk-13375,dennis_kane,consumer
bt-11440,bobby_trafton,consumer
db-13405,denny_blanton,consumer
tg-21310,toby_gnade,consumer
bf-11005,barry_franz,home_office
jm-16195,justin_mackendrick,consumer
mz-17335,maria_zettner,home_office
mw-18220,mitch_webber,consumer
mv-17485,mark_van_huff,consumer
sm-20320,sean_miller,home_office
tp-21415,tom_prescott,consumer
jk-15625,jim_karlsson,consumer
pj-18835,patrick_jones,corporate
rs-19420,ricardo_sperren,corporate
sv-20935,susan_vittorini,consumer
bc-11125,becky_castell,home_office
em-13825,elizabeth_moffitt,corporate
bm-11575,brendan_murry,corporate
kn-16705,kristina_nunn,home_office
kw-16570,kelly_williams,consumer
sc-20260,scott_cohen,corporate
cv-12295,christina_vanderzanden,consumer
sg-20605,speros_goranitis,consumer
tm-21010,tamara_manning,consumer
em-13810,eleni_mccrary,corporate
ml-18040,michelle_lonsdale,corporate
cr-12580,clay_rozendal,home_office
az-10750,annie_zypern,consumer
pw-19240,pierre_wener,consumer
sc-20380,shahid_collister,consumer
cm-11935,carlos_meador,consumer
gm-14695,greg_maxwell,corporate
tb-21250,tim_brockman,consumer
jm-15865,john_murray,consumer
sc-20575,sonia_cooley,consumer
ls-17200,luke_schmidt,corporate
rr-19315,ralph_ritter,consumer
db-12910,daniel_byrd,home_office
tt-21220,thomas_thornton,consumer
lo-17170,lori_olson,corporate
kd-16615,ken_dana,corporate
nb-18580,nicole_brennan,corporate
bd-11635,brian_derr,consumer
cm-12235,chris_mcafee,consumer
en-13780,edward_nazzal,consumer
kn-16450,kean_nguyen,corporate
bo-11350,bill_overfelt,corporate
ag-10300,aleksandra_gannaway,corporate
mc-17635,matthew_clasen,corporate
ta-21385,tom_ashbrook,home_office
jf-15295,jason_fortune-,consumer
tt-21265,tim_taslimi,corporate
sb-20170,sarah_bern,consumer
cl-12700,craig_leslie,home_office
hg-15025,hunter_glantz,consumer
nl-18310,nancy_lomonaco,home_office
rr-19525,rick_reed,corporate
tc-21295,toby_carlisle,consumer
sv-20785,stewart_visinsky,consumer
be-11410,bobby_elias,consumer
sc-20680,steve_carroll,home_office
df-13135,david_flashing,consumer
fh-14350,fred_harton,consumer
ms-17530,marybeth_skach,consumer
rh-19555,ritsa_hightower,consumer
ga-14515,george_ashbrook,consumer
jp-16135,julie_prescott,home_office
dp-13240,dean_percer,home_office
mo-17950,michael_oakman,consumer
dl-13330,denise_leinenbach,consumer
mh-18025,michelle_huthwaite,consumer
dr-12940,daniel_raglin,home_office
dm-13015,darrin_martin,consumer
ca-11965,carol_adams,corporate
ac-10660,anna_chung,consumer
dm-13345,denise_monton,corporate
vf-21715,vicky_freymann,home_office
cc-12370,christopher_conant,consumer
bf-11275,beth_fritzler,corporate
hg-14845,harry_greene,consumer
bp-11155,becky_pak,consumer
em-14140,eugene_moren,home_office
ma-17995,michelle_arnett,home_office
ay-10555,andy_yotov,corporate
gb-14575,giulietta_baptist,consumer
jb-16045,julia_barnett,home_office
mg-17875,michael_grace,home_office
sr-20425,sharelle_roach,home_office
jb-16000,joy_bell-,consumer
dm-12955,dario_medina,corporate
tc-21475,tony_chapman,home_office
sw-20350,sean_wendt,home_office
re-19450,richard_eichhorn,consumer
bf-11215,benjamin_farhat,home_office
kb-16405,katrina_bavinger,home_office
jg-15310,jason_gross,corporate
ec-14050,erin_creighton,consumer
eb-14110,eugene_barchas,consumer
jp-15460,jennifer_patt,corporate
cs-11845,cari_sayre,corporate
gh-14410,gary_hansen,home_office
pt-19090,pete_takahito,consumer
jl-15130,jack_lebron,consumer
ah-10030,aaron_hawkins,corporate
cc-12475,cindy_chapman,consumer
dw-13195,david_wiener,corporate
sj-20215,sarah_jordon,consumer
bg-11740,bruce_geld,consumer
lb-16795,laurel_beltran,home_office
cm-11815,candace_mcmahon,corporate
eh-14185,evan_henry,consumer
ts-21505,tony_sayre,consumer
pr-18880,patrick_ryan,consumer
lc-17050,liz_carlisle,consumer
cs-12490,cindy_schnelling,corporate
dh-13075,dave_hallsten,corporate
jo-15145,jack_o'briant,corporate
ah-10690,anna_häberlin,corporate
hj-14875,heather_jas,home_office
mh-17455,mark_hamilton,consumer
rd-19930,russell_d'ascenzo,consumer
sc-20020,sam_craven,consumer
su-20665,stephanie_ulpright,home_office
fc-14335,fred_chung,corporate
rb-19330,randy_bradley,consumer
nc-18535,nick_crebassa,corporate
db-12970,darren_budd,corporate
mf-17665,maureen_fritzler,corporate
rm-19750,roland_murray,consumer
vm-21835,vivian_mathis,consumer
ej-13720,ed_jacobs,consumer
nc-18415,nathan_cano,consumer
ls-17230,lycoris_saunders,consumer
ke-16420,katrina_edelman,corporate
dh-13675,duane_huffman,home_office
pf-19120,peter_fuller,consumer
vt-21700,valerie_takahito,home_office
mg-17695,maureen_gnade,consumer
sp-20920,susan_pistek,consumer
cs-12175,charles_sheldon,corporate
dk-12895,dana_kaydos,consumer
km-16660,khloe_miller,consumer
aa-10645,anna_andreadi,consumer
dd-13570,dorothy_dickinson,consumer
ah-10465,amy_hunt,consumer
tp-21565,tracy_poddar,corporate
ek-13795,eileen_kiefer,home_office
cr-12820,cyra_reiten,home_office
sg-20890,susan_gilcrest,corporate
ah-10585,angele_hood,consumer
nf-18475,neil_französisch,home_office
bs-11365,bill_shonely,corporate
sh-20635,stefanie_holloman,corporate
rd-19720,roger_demir,consumer
ag-10330,alex_grayson,consumer
gr-14560,georgia_rosenberg,corporate
vs-21820,vivek_sundaresam,consumer
tm-21490,tony_molinari,consumer
ts-21430,tom_stivers,corporate
db-13360,dennis_bolton,home_office
nr-18550,nick_radford,consumer
cs-11860,cari_schnelling,consumer
mf-18250,monica_federle,corporate
lw-17125,liz_willingham,consumer
ar-10345,alex_russell,corporate
ks-16300,karen_seio,corporate
ab-10015,aaron_bergman,consumer
lr-17035,lisa_ryan,corporate
ss-20410,shahid_shariari,consumer
jm-15580,jill_matthias,consumer
jk-15325,jason_klamczynski,corporate
dm-13525,don_miller,corporate
ml-18265,muhammed_lee,consumer
mh-17290,marc_harrigan,home_office
fc-14245,frank_carlisle,home_office
th-21115,thea_hudgings,corporate
jk-16090,juliana_krohn,consumer
sb-20185,sarah_brown,consumer
bg-11035,barry_gonzalez,consumer
bw-11065,barry_weirich,consumer
mg-18205,mitch_gastineau,corporate
do-13645,doug_o'connell,consumer
bp-11050,barry_pond,corporate
ts-21655,trudy_schmidt,consumer
em-14200,evan_minnotte,home_office
ao-10810,anthony_o'donnell,corporate
mh-17440,mark_haberlin,corporate
ss-20515,shirley_schmidt,home_office
ld-16855,lela_donovan,corporate
vp-21760,victoria_pisteka,corporate
tc-21145,theresa_coyne,corporate
im-15055,ionia_mcgrath,consumer
ar-10570,anemone_ratner,consumer
cm-12715,craig_molinari,corporate
fw-14395,fred_wasserman,corporate
lc-16960,lindsay_castell,home_office
he-14800,harold_engle,corporate
bd-11560,brendan_dodson,home_office
hd-14785,harold_dahlen,home_office
cj-11875,carl_jackson,corporate
rs-19870,roy_skaria,home_office
sc-20845,sung_chung,consumer
re-19405,ricardo_emerson,consumer
sm-20905,susan_mackendrick,consumer
